<?xml version="1.0" encoding="UTF-8"?>
<project-private xmlns="http://www.netbeans.org/ns/project-private/1">
    <editor-bookmarks xmlns="http://www.netbeans.org/ns/editor-bookmarks/2" lastBookmarkId="0"/>
    <open-files xmlns="http://www.netbeans.org/ns/projectui-open-files/2">
        <group>
            <file>file:/C:/Users/Jovan%20Milutinovic/Desktop/New%20Folder/JavaApplication27/src/javaapplication27/ps2.java</file>
            <file>file:/C:/Users/Jovan%20Milutinovic/Desktop/New%20Folder/JavaApplication27/src/javaapplication27/pregled.java</file>
            <file>file:/C:/Users/Jovan%20Milutinovic/Desktop/New%20Folder/JavaApplication27/src/javaapplication27/ps3.java</file>
            <file>file:/C:/Users/Jovan%20Milutinovic/Desktop/New%20Folder/JavaApplication27/src/javaapplication27/ps4.java</file>
            <file>file:/C:/Users/Jovan%20Milutinovic/Desktop/New%20Folder/JavaApplication27/src/javaapplication27/pristup.java</file>
            <file>file:/C:/Users/Jovan%20Milutinovic/Desktop/New%20Folder/JavaApplication27/src/javaapplication27/igraonica.java</file>
            <file>file:/C:/Users/Jovan%20Milutinovic/Desktop/New%20Folder/JavaApplication27/src/javaapplication27/ps1.java</file>
        </group>
    </open-files>
</project-private>
